"lang","IQ","class","GS","SES","COMB"
46,15,"180",29,23,"0"
45,14.5,"180",29,10,"0"
33,9.5,"180",29,15,"0"
46,11,"180",29,23,"0"
20,8,"180",29,10,"0"
30,9.5,"180",29,10,"0"
30,9.5,"180",29,23,"0"
57,13,"180",29,10,"0"
36,9.5,"180",29,13,"0"
36,11,"180",29,15,"0"
29,5.5,"180",29,10,"0"
40,14,"180",29,18,"0"
41,9,"180",29,15,"0"
47,10.5,"180",29,20,"0"
33,10,"180",29,10,"0"
37,11,"180",29,20,"0"
29,6.5,"180",29,13,"0"
26,4,"180",29,10,"0"
37,11,"180",29,10,"0"
40,11,"180",29,15,"0"
27,11,"180",29,10,"0"
43,12.5,"180",29,13,"0"
39,11.5,"180",29,10,"0"
21,10,"180",29,10,"0"
42,10,"180",29,10,"0"
21,11.5,"280",19,15,"1"
27,10.5,"280",19,15,"1"
16,8,"280",19,20,"1"
31,7.5,"280",19,15,"1"
21,7.5,"280",19,10,"1"
18,6.5,"280",19,23,"1"
32,11.5,"280",19,10,"1"
28,10.5,"1082",25,15,"1"
33,10.5,"1082",25,20,"1"
38,12.5,"1082",25,20,"1"
14,8,"1082",25,10,"1"
39,11,"1082",25,33,"1"
23,9.5,"1280",31,27,"1"
43,10.5,"1280",31,33,"1"
25,8.5,"1280",31,33,"1"
24,7.5,"1280",31,28,"1"
41,11,"1280",31,37,"1"
32,10.5,"1280",31,30,"1"
26,10.5,"1280",31,20,"1"
21,9.5,"1280",31,40,"1"
37,10,"1280",31,20,"1"
30,11.5,"1280",31,17,"1"
41,9.5,"1280",31,20,"1"
31,9,"1280",31,50,"1"
27,8,"1280",31,20,"1"
33,7.5,"1280",31,27,"1"
29,8.5,"1280",31,40,"1"
31,14,"1580",35,40,"1"
18,8.5,"1580",35,20,"1"
37,13,"1580",35,40,"1"
22,10.5,"1580",35,25,"1"
43,15,"1580",35,20,"1"
9,9,"1580",35,30,"1"
41,10,"1580",35,30,"1"
46,12,"1580",35,20,"1"
34,11,"1680",28,23,"1"
47,11,"1680",28,33,"1"
44,12.5,"1680",28,27,"1"
50,13,"1680",28,27,"1"
45,12.5,"1680",28,23,"1"
43,11,"1680",28,30,"1"
34,11.5,"1680",28,35,"1"
35,11,"1680",28,37,"1"
22,9.5,"1880",28,23,"0"
27,9.5,"1880",28,15,"0"
45,15,"1880",28,50,"0"
45,11.5,"1880",28,27,"0"
38,13,"1880",28,35,"0"
24,10.5,"1880",28,33,"0"
50,13,"1880",28,25,"0"
22,11,"1880",28,20,"0"
43,14,"1880",28,30,"0"
28,13.5,"1880",28,28,"0"
38,10.5,"1880",28,33,"0"
20,9.5,"1880",28,25,"0"
40,15.5,"1880",28,33,"0"
47,12,"1880",28,50,"0"
20,11,"1880",28,15,"0"
28,11,"1880",28,25,"0"
33,13,"1880",28,50,"0"
21,11.5,"1880",28,30,"0"
44,12.5,"1880",28,38,"0"
43,12,"1880",28,20,"0"
18,10,"1880",28,35,"0"
31,10.5,"1880",28,50,"0"
21,11.5,"1880",28,35,"0"
41,11,"1880",28,35,"0"
48,14.5,"2180",19,20,"0"
43,13,"2180",19,18,"0"
32,8.5,"2180",19,18,"0"
17,11.5,"2180",19,20,"0"
27,8.5,"2180",19,20,"0"
55,13,"2180",19,28,"0"
45,12.5,"2180",19,28,"0"
36,13.5,"2180",19,18,"0"
24,8,"2180",19,18,"0"
35,9,"2180",19,18,"0"
43,11.5,"2180",19,23,"0"
48,13,"2180",19,23,"0"
38,14.5,"2180",19,23,"0"
44,12,"2180",19,20,"0"
47,12,"2180",19,18,"0"
36,13.5,"2180",19,23,"0"
41,11.5,"2180",19,25,"0"
41,12,"2480",35,23,"0"
26,10,"2480",35,20,"0"
52,14,"2480",35,20,"0"
43,12.5,"2480",35,10,"0"
54,13,"2480",35,20,"0"
49,11.5,"2480",35,30,"0"
51,15.5,"2480",35,20,"0"
47,13.5,"2480",35,23,"0"
51,12,"2480",35,17,"0"
51,12,"2480",35,23,"0"
34,8.5,"2480",35,20,"0"
51,10.5,"2480",35,23,"0"
49,10,"2480",35,23,"0"
42,9,"2480",35,37,"0"
50,13,"2480",35,17,"0"
33,6.5,"2480",35,17,"0"
46,13.5,"2480",35,33,"0"
57,16.5,"2480",35,20,"0"
35,10.5,"2480",35,30,"0"
44,13.5,"2480",35,27,"0"
36,12,"2480",35,23,"0"
50,12.5,"2480",35,23,"0"
38,13,"2480",35,27,"0"
49,12,"2480",35,27,"0"
26,10.5,"2680",21,20,"0"
48,12,"2680",21,35,"0"
32,12.5,"2680",21,40,"0"
46,13,"2680",21,33,"0"
38,10,"2680",21,30,"0"
44,11,"2680",21,33,"0"
35,11,"2680",21,17,"0"
40,16.5,"2680",21,23,"0"
40,13,"2680",21,37,"0"
46,11.5,"2680",21,20,"0"
31,10,"2680",21,20,"0"
50,13.5,"2680",21,45,"0"
46,13.5,"2680",21,40,"0"
51,16.5,"2680",21,43,"0"
29,9,"2680",21,28,"0"
39,12,"2680",21,33,"0"
49,13.5,"2680",21,35,"0"
43,14,"2680",21,47,"0"
37,10,"2780",32,23,"1"
35,10.5,"2780",32,23,"1"
38,13,"2780",32,28,"1"
40,13,"2780",32,23,"1"
42,14,"2780",32,47,"1"
41,14.5,"2780",32,40,"1"
32,12,"2780",32,40,"1"
40,12.5,"2780",32,27,"1"
20,10.5,"2780",32,23,"1"
29,11,"2780",32,27,"1"
41,12.5,"2780",32,40,"1"
23,13,"2780",32,30,"1"
27,11.5,"2780",32,23,"1"
35,9.5,"2780",32,27,"1"
33,11.5,"2780",32,35,"1"
31,9.5,"2780",32,23,"1"
29,12,"2780",32,40,"1"
31,10,"2780",32,20,"1"
40,12,"2780",32,20,"1"
19,6.5,"2780",32,20,"1"
40,11,"2780",32,35,"1"
51,18,"2980",22,45,"1"
51,16,"2980",22,47,"1"
35,12,"2980",22,50,"1"
50,11.5,"2980",22,50,"1"
51,12,"2980",22,45,"1"
52,15.5,"2980",22,40,"1"
44,14,"2980",22,35,"1"
39,6,"2980",22,35,"1"
41,12.5,"2980",22,35,"1"
51,16.5,"2980",22,45,"1"
20,12,"3380",14,15,"1"
43,10,"3380",14,20,"1"
31,10,"3380",14,37,"1"
42,11,"3380",14,25,"1"
50,13,"3380",14,23,"1"
41,12,"3380",14,27,"1"
38,11,"3580",16,20,"1"
52,13,"3580",16,20,"1"
34,10.5,"3580",16,20,"1"
34,7,"3580",16,18,"1"
54,13,"3580",16,30,"1"
47,13,"3580",16,45,"1"
25,11,"3580",16,18,"1"
27,8,"3580",16,13,"1"
35,8,"3580",16,23,"1"
28,12,"3580",16,18,"1"
34,8.5,"3580",16,10,"1"
42,9.5,"3580",16,25,"1"
38,10.5,"3580",16,25,"1"
51,15.5,"3580",16,30,"1"
55,14.5,"3680",29,33,"0"
40,12,"3680",29,20,"0"
49,12,"3680",29,30,"0"
37,13,"3680",29,35,"0"
31,9.5,"3680",29,25,"0"
31,12,"3680",29,30,"0"
28,8.5,"3680",29,30,"0"
30,11,"3680",29,20,"0"
34,9.5,"3680",29,40,"0"
42,12.5,"3680",29,40,"0"
29,11,"3680",29,30,"0"
27,12,"3680",29,20,"0"
32,13,"3680",29,33,"0"
22,9.5,"3680",29,30,"0"
34,14.5,"3680",29,30,"0"
36,12.5,"3680",29,38,"0"
46,12.5,"3680",29,28,"0"
45,12.5,"3680",29,30,"0"
39,12.5,"3680",29,37,"0"
36,11,"3680",29,40,"0"
33,10.5,"3680",29,30,"0"
28,11,"3680",29,40,"0"
35,12,"3680",29,20,"0"
42,11,"3880",31,50,"0"
42,10,"3880",31,40,"0"
34,9.5,"3880",31,20,"0"
47,9.5,"3880",31,20,"0"
43,10,"3880",31,47,"0"
45,11,"3880",31,47,"0"
53,12,"3880",31,20,"0"
53,12,"3880",31,40,"0"
42,12,"3880",31,30,"0"
40,11,"3880",31,30,"0"
50,12.5,"3880",31,45,"0"
41,12.5,"3880",31,23,"0"
35,9,"3880",31,30,"0"
42,13,"3880",31,20,"0"
52,13,"3880",31,25,"0"
26,9,"3880",31,20,"0"
39,12,"3880",31,23,"0"
33,8,"3880",31,20,"0"
50,13.5,"3880",31,20,"0"
38,10,"3880",31,20,"0"
45,13.5,"3880",31,23,"0"
43,14.5,"3880",31,33,"0"
41,12,"3880",31,20,"0"
36,10.5,"3880",31,25,"0"
38,12,"3880",31,30,"0"
31,9.5,"3880",31,20,"0"
53,15.5,"3880",31,37,"0"
35,13.5,"3880",31,17,"0"
41,11.5,"4081",28,45,"0"
27,9,"4081",28,40,"0"
30,10,"4081",28,50,"0"
48,12.5,"4081",28,50,"0"
36,12,"4081",28,40,"0"
30,9.5,"4081",28,20,"0"
18,11.5,"4081",28,30,"0"
34,12.5,"4081",28,20,"0"
49,13,"4081",28,50,"0"
44,12.5,"4081",28,20,"0"
50,15.5,"4081",28,30,"0"
51,14,"4081",28,20,"0"
50,13.5,"4081",28,20,"0"
50,14,"4081",28,30,"0"
44,12,"4081",28,30,"0"
48,13,"4081",28,40,"0"
26,9.5,"4081",28,20,"0"
50,13.5,"4081",28,30,"0"
52,15,"4081",28,30,"0"
46,12.5,"4081",28,50,"0"
50,13.5,"4081",28,40,"0"
36,11,"4081",28,30,"0"
44,11,"4081",28,40,"0"
35,11.5,"4081",28,20,"0"
20,12.5,"4081",28,30,"0"
36,11,"4082",11,28,"1"
42,12.5,"4082",11,23,"1"
43,13,"4082",11,30,"1"
35,11.5,"4082",11,45,"1"
45,16.5,"4082",11,45,"1"
50,15.5,"4082",11,28,"1"
49,13.5,"4082",11,18,"1"
51,12.5,"4082",11,28,"1"
53,15,"4082",11,20,"1"
48,10,"4082",11,18,"1"
38,11.5,"4180",18,20,"0"
40,13,"4180",18,20,"0"
31,12.5,"4180",18,20,"0"
38,10.5,"4180",18,30,"0"
29,11,"4180",18,20,"0"
52,15,"4180",18,20,"0"
41,15,"4180",18,20,"0"
48,13,"4180",18,20,"0"
50,15.5,"4180",18,20,"0"
37,11.5,"4180",18,15,"0"
30,11,"4180",18,10,"0"
28,10,"4180",18,15,"0"
30,9.5,"4180",18,10,"0"
45,11.5,"4280",21,28,"1"
25,11.5,"4280",21,38,"1"
49,14.5,"4280",21,43,"1"
30,12,"4280",21,40,"1"
35,12.5,"4280",21,40,"1"
18,9.5,"4280",21,30,"1"
39,11,"4280",21,20,"1"
20,10,"4280",21,20,"1"
47,14.5,"4280",21,30,"1"
34,11,"4280",21,38,"1"
45,13,"4280",21,48,"1"
31,11.5,"4280",21,20,"1"
38,11.5,"4280",21,25,"1"
38,11.5,"4280",21,25,"1"
26,11,"4480",25,15,"1"
43,11.5,"4480",25,25,"1"
34,10.5,"4480",25,18,"1"
39,11.5,"4480",25,18,"1"
36,10.5,"4480",25,10,"1"
46,12.5,"4480",25,17,"1"
38,11,"4480",25,25,"1"
25,11,"4480",25,18,"1"
23,9.5,"4480",25,18,"1"
38,12.5,"4480",25,25,"1"
53,12.5,"4480",25,25,"1"
31,10,"4480",25,17,"1"
45,10.5,"4480",25,20,"1"
43,11.5,"4480",25,20,"1"
26,12,"4480",25,18,"1"
29,10.5,"4780",15,17,"1"
15,7,"4780",15,18,"1"
29,10,"4780",15,20,"1"
20,11,"4780",15,10,"1"
23,4.5,"4780",15,10,"1"
27,6,"4780",15,20,"1"
22,10,"4780",15,25,"1"
23,7.5,"4780",15,25,"1"
44,12.5,"4880",19,30,"0"
25,9,"4880",19,10,"0"
30,10.5,"4880",19,17,"0"
32,12,"4880",19,25,"0"
35,11,"4880",19,10,"0"
32,8.5,"4880",19,20,"0"
28,12,"4880",19,10,"0"
37,13.5,"4880",19,30,"0"
46,13,"4880",19,10,"0"
52,12.5,"4880",19,27,"0"
40,10,"4880",19,10,"0"
51,13,"4980",28,50,"1"
46,10.5,"4980",28,25,"1"
18,8,"4980",28,17,"1"
32,8.5,"4980",28,17,"1"
41,13.5,"4980",28,50,"1"
46,13.5,"4980",28,50,"1"
25,9,"4980",28,17,"1"
21,11,"4980",28,20,"1"
31,11.5,"4980",28,27,"1"
25,10.5,"5280",27,13,"0"
28,10.5,"5280",27,10,"0"
39,13.5,"5280",27,30,"0"
25,11,"5280",27,45,"0"
49,14.5,"5280",27,43,"0"
34,11,"5280",27,18,"0"
36,15.5,"5280",27,20,"0"
19,10.5,"5280",27,13,"0"
48,11,"5280",27,28,"0"
22,11.5,"5280",27,15,"0"
47,17,"5280",27,35,"0"
47,12.5,"5280",27,15,"0"
44,12,"5280",27,20,"0"
35,12,"5280",27,20,"0"
43,17,"5280",27,33,"0"
38,7,"5280",27,10,"0"
44,13.5,"5280",27,15,"0"
37,11.5,"5280",27,25,"0"
44,13,"5280",27,35,"0"
32,11,"5280",27,15,"0"
42,13.5,"5280",27,40,"0"
36,11,"5480",32,43,"0"
42,12.5,"5480",32,50,"0"
50,11.5,"5480",32,37,"0"
52,12,"5480",32,48,"0"
46,11,"5480",32,30,"0"
55,15.5,"5480",32,50,"0"
50,12.5,"5480",32,40,"0"
42,11.5,"5480",32,45,"0"
54,14.5,"5480",32,50,"0"
50,15.5,"5480",32,40,"0"
53,15,"5480",32,50,"0"
49,13,"5480",32,40,"0"
49,13.5,"5480",32,40,"0"
51,11.5,"5480",32,50,"0"
54,15.5,"5480",32,50,"0"
53,13.5,"5480",32,40,"0"
46,13,"5480",32,43,"0"
34,10.5,"5480",32,33,"0"
47,13,"5480",32,43,"0"
42,12,"5480",32,17,"0"
51,18,"5480",32,50,"0"
44,13,"5480",32,43,"0"
36,13,"5480",32,20,"0"
40,13.5,"5480",32,20,"0"
50,16.5,"5480",32,45,"0"
23,10.5,"5480",32,45,"0"
51,13,"5480",32,50,"0"
45,11.5,"5480",32,45,"0"
44,11.5,"5480",32,43,"0"
34,11.5,"5480",32,38,"0"
48,12,"5480",32,35,"0"
37,7,"5580",32,40,"0"
39,10.5,"5580",32,28,"0"
54,15.5,"5580",32,50,"0"
46,12.5,"5580",32,30,"0"
54,14.5,"5580",32,45,"0"
44,11,"5580",32,30,"0"
40,12.5,"5580",32,30,"0"
31,10,"5580",32,30,"0"
46,11,"5580",32,50,"0"
23,9.5,"5580",32,20,"0"
52,16,"5580",32,50,"0"
44,13.5,"5580",32,38,"0"
40,13,"5580",32,45,"0"
37,12.5,"5580",32,30,"0"
38,11.5,"5580",32,27,"0"
34,7,"5580",32,20,"0"
51,17.5,"5580",32,45,"0"
40,9.5,"5580",32,43,"0"
39,12,"5580",32,30,"0"
23,12.5,"5580",32,10,"0"
39,10.5,"5580",32,30,"0"
44,15.5,"5580",32,40,"0"
42,12.5,"5580",32,40,"0"
40,12,"5580",32,30,"0"
41,12,"5580",32,50,"0"
51,11,"5580",32,45,"0"
43,12.5,"5580",32,40,"0"
33,13,"5580",32,30,"0"
42,10.5,"5580",32,35,"0"
48,12,"5580",32,35,"0"
33,12,"5780",31,20,"0"
33,12,"5780",31,30,"0"
33,11.5,"5780",31,40,"0"
39,13,"5780",31,40,"0"
47,12,"5780",31,40,"0"
42,13,"5780",31,30,"0"
44,13.5,"5780",31,50,"0"
50,14,"5780",31,40,"0"
33,11.5,"5780",31,30,"0"
41,13,"5780",31,40,"0"
45,8.5,"5780",31,40,"0"
40,11,"5780",31,45,"0"
52,13,"5780",31,35,"0"
45,10.5,"5780",31,45,"0"
55,15,"5780",31,50,"0"
35,11.5,"5780",31,40,"0"
54,11.5,"5780",31,50,"0"
42,15.5,"5780",31,50,"0"
41,12,"5780",31,50,"0"
45,11,"5780",31,40,"0"
29,10,"5780",31,40,"0"
26,7.5,"5780",31,35,"0"
53,15.5,"5780",31,30,"0"
41,11,"5780",31,30,"0"
22,9.5,"6081",26,50,"1"
28,6,"6082",25,10,"1"
41,12.5,"6081",26,33,"1"
31,11.5,"6081",26,33,"1"
48,13.5,"6081",26,25,"1"
26,8,"6081",26,33,"1"
36,13,"6081",26,40,"1"
47,12,"6081",26,50,"1"
48,14,"6081",26,37,"1"
52,14,"6081",26,40,"1"
37,12,"6081",26,20,"1"
37,13.5,"6082",25,18,"1"
43,13,"6082",25,28,"1"
36,12,"6082",25,25,"1"
35,11.5,"6082",25,30,"1"
35,10.5,"6082",25,25,"1"
44,11.5,"6082",25,40,"1"
22,9,"6082",25,28,"1"
50,11.5,"6082",25,50,"1"
43,12,"6082",25,35,"1"
27,6,"6082",25,10,"1"
22,9.5,"6082",25,13,"1"
45,11.5,"6180",27,23,"0"
19,7.5,"6180",27,10,"0"
50,15,"6180",27,25,"0"
39,9,"6180",27,30,"0"
40,15,"6180",27,27,"0"
29,8,"6180",27,20,"0"
49,10,"6180",27,50,"0"
51,15,"6180",27,30,"0"
56,16,"6180",27,37,"0"
41,11.5,"6180",27,10,"0"
27,13,"6180",27,18,"0"
31,10.5,"6180",27,10,"0"
48,12.5,"6180",27,43,"0"
40,12,"6180",27,37,"0"
33,11,"6180",27,27,"0"
38,11.5,"6180",27,30,"0"
40,10,"6180",27,25,"0"
39,10.5,"6180",27,23,"0"
43,14.5,"6180",27,25,"0"
46,13.5,"6180",27,30,"0"
51,16,"6280",26,25,"0"
47,10.5,"6280",26,50,"0"
49,17.5,"6280",26,40,"0"
43,13.5,"6280",26,50,"0"
43,12.5,"6280",26,30,"0"
53,14.5,"6280",26,30,"0"
40,12,"6280",26,45,"0"
53,12.5,"6280",26,50,"0"
48,13.5,"6280",26,30,"0"
36,14,"6280",26,30,"0"
50,12,"6280",26,30,"0"
54,17.5,"6280",26,30,"0"
42,12,"6280",26,40,"0"
51,13,"6280",26,20,"0"
43,11.5,"6280",26,20,"0"
51,16,"6280",26,40,"0"
53,17.5,"6280",26,50,"0"
49,14.5,"6280",26,50,"0"
41,11.5,"6280",26,30,"0"
44,11.5,"6280",26,30,"0"
41,13,"6280",26,50,"0"
57,15,"6580",32,18,"1"
51,11,"6580",32,30,"1"
43,10,"6580",32,25,"1"
43,16,"6580",32,13,"1"
43,12.5,"6580",32,43,"1"
43,12,"6580",32,15,"1"
54,11.5,"6580",32,43,"1"
33,9.5,"6580",32,13,"1"
55,14.5,"6580",32,37,"1"
47,13.5,"6580",32,40,"1"
36,11.5,"6580",32,33,"1"
55,12.5,"6580",32,50,"1"
41,12,"6580",32,10,"1"
54,12,"6580",32,28,"1"
50,14.5,"6580",32,37,"1"
54,11.5,"6580",32,37,"1"
47,12,"6580",32,35,"1"
41,12,"6580",32,13,"1"
50,13.5,"6580",32,30,"1"
43,13.5,"6580",32,30,"1"
50,11.5,"6580",32,30,"1"
52,14.5,"6580",32,45,"1"
32,9,"6680",30,17,"1"
52,14,"6680",30,40,"1"
21,10.5,"6680",30,17,"1"
36,11,"6680",30,30,"1"
49,11,"6680",30,37,"1"
37,11,"6680",30,33,"1"
28,10.5,"6680",30,33,"1"
50,16.5,"6680",30,37,"1"
47,14,"6680",30,30,"1"
35,11.5,"6680",30,30,"1"
52,15.5,"6680",30,33,"1"
52,15.5,"6780",28,37,"0"
39,11,"6780",28,20,"0"
25,12,"6780",28,20,"0"
25,10.5,"6780",28,27,"0"
38,13,"6780",28,30,"0"
31,11.5,"6780",28,23,"0"
26,9,"6780",28,17,"0"
35,12.5,"6780",28,23,"0"
29,12.5,"6780",28,37,"0"
32,9.5,"6780",28,30,"0"
34,13,"6780",28,27,"0"
51,13.5,"6780",28,40,"0"
47,15,"6780",28,30,"0"
39,15.5,"6780",28,33,"0"
39,13,"6780",28,27,"0"
27,11.5,"6780",28,43,"0"
45,16,"6780",28,40,"0"
32,10,"6780",28,23,"0"
41,10.5,"6780",28,27,"0"
38,10.5,"6780",28,28,"0"
40,14,"6780",28,37,"0"
39,16,"6780",28,20,"0"
29,9.5,"6780",28,30,"0"
40,11,"6780",28,20,"0"
32,10.5,"6780",28,40,"0"
17,11,"6780",28,20,"0"
50,15,"6880",23,20,"0"
38,13.5,"6880",23,18,"0"
47,14,"6880",23,20,"0"
41,15,"6880",23,23,"0"
50,14.5,"6880",23,20,"0"
38,11.5,"6880",23,25,"0"
47,13.5,"6880",23,15,"0"
27,11,"6880",23,18,"0"
42,13,"6880",23,20,"0"
27,10.5,"6880",23,15,"0"
43,12,"6880",23,23,"0"
43,13.5,"6880",23,23,"0"
39,12.5,"6880",23,20,"0"
43,9.5,"6880",23,18,"0"
53,17,"6880",23,30,"0"
54,14,"6880",23,25,"0"
47,14.5,"6880",23,15,"0"
37,8.5,"6880",23,20,"0"
40,13.5,"6880",23,15,"0"
27,10.5,"6880",23,20,"0"
41,11.5,"7680",17,18,"0"
34,10,"7680",17,18,"0"
43,12.5,"7680",17,38,"0"
37,12.5,"7680",17,38,"0"
37,11,"7680",17,18,"0"
42,11.5,"7680",17,18,"0"
25,9,"7680",17,20,"0"
33,9,"7680",17,20,"0"
16,6.5,"7680",17,17,"0"
34,9.5,"7680",17,23,"0"
40,12,"7680",17,33,"0"
30,9.5,"7680",17,45,"0"
47,13,"7680",17,20,"0"
36,8.5,"7680",17,15,"0"
52,16,"7680",17,33,"0"
28,6.5,"7680",17,20,"0"
37,8.5,"7880",23,33,"0"
43,15,"7880",23,27,"0"
50,15.5,"7880",23,25,"0"
35,10.5,"7880",23,38,"0"
37,12,"7880",23,13,"0"
32,11,"7880",23,17,"0"
34,10.5,"7880",23,30,"0"
49,14,"7880",23,45,"0"
34,12.5,"7880",23,47,"0"
34,11.5,"7880",23,33,"0"
39,12,"7880",23,17,"0"
40,8,"7880",23,20,"0"
34,11,"7880",23,17,"0"
51,12.5,"7880",23,30,"0"
49,10,"7880",23,20,"0"
39,8.5,"7880",23,27,"0"
37,12,"7880",23,27,"0"
45,8,"7980",17,33,"0"
48,13,"7980",17,33,"0"
40,9.5,"7980",17,20,"0"
36,11,"7980",17,23,"0"
44,13.5,"7980",17,45,"0"
48,13,"7980",17,33,"0"
49,14.5,"7980",17,37,"0"
31,9,"7980",17,25,"0"
41,13,"7980",17,43,"0"
42,11,"7980",17,20,"0"
46,15.5,"7980",17,37,"0"
28,11.5,"7980",17,20,"0"
45,12.5,"7980",17,20,"0"
46,13.5,"7980",17,30,"0"
26,9,"8080",28,25,"0"
28,7,"8080",28,17,"0"
46,9.5,"8080",28,20,"0"
42,12,"8080",28,40,"0"
48,12,"8080",28,40,"0"
41,11.5,"8080",28,20,"0"
45,10,"8080",28,43,"0"
45,11,"8080",28,47,"0"
45,13.5,"8080",28,20,"0"
50,11.5,"8080",28,47,"0"
24,7.5,"8080",28,17,"0"
54,14,"8080",28,50,"0"
20,7.5,"8080",28,17,"0"
52,13.5,"8080",28,50,"0"
44,11,"8080",28,33,"0"
45,10,"8080",28,17,"0"
34,9.5,"8080",28,10,"0"
46,11,"8080",28,10,"0"
39,12,"8080",28,15,"0"
51,14,"8080",28,30,"0"
28,10.5,"8080",28,17,"0"
42,11.5,"8680",32,50,"0"
45,13.5,"8680",32,20,"0"
41,13,"8680",32,50,"0"
46,11,"8680",32,30,"0"
48,12.5,"8680",32,30,"0"
42,14,"8680",32,30,"0"
28,10.5,"8680",32,43,"0"
25,7,"8680",32,30,"0"
46,14.5,"8680",32,23,"0"
49,15.5,"8680",32,50,"0"
35,11,"8680",32,35,"0"
42,12.5,"8680",32,30,"0"
51,13,"8680",32,50,"0"
43,10.5,"8680",32,50,"0"
31,11,"8680",32,20,"0"
40,9.5,"8680",32,35,"0"
41,11,"8680",32,23,"0"
30,11.5,"8680",32,33,"0"
48,16,"8680",32,50,"0"
42,10.5,"8680",32,23,"0"
51,15,"8680",32,50,"0"
53,15.5,"8680",32,50,"0"
50,12.5,"8680",32,40,"0"
41,10.5,"8680",32,50,"0"
45,11,"8780",28,35,"0"
24,10,"8780",28,20,"0"
45,11.5,"8780",28,30,"0"
36,10.5,"8780",28,20,"0"
41,8.5,"8780",28,20,"0"
33,12,"8780",28,20,"0"
47,13.5,"8780",28,47,"0"
43,13.5,"8780",28,30,"0"
51,14,"8780",28,23,"0"
32,11.5,"8780",28,25,"0"
22,10,"8780",28,20,"0"
30,9,"8780",28,17,"0"
37,8,"8780",28,23,"0"
41,12.5,"8780",28,30,"0"
20,9.5,"8780",28,23,"0"
52,14,"8780",28,40,"0"
45,12.5,"8780",28,35,"0"
51,12.5,"8780",28,30,"0"
49,12,"8780",28,30,"0"
27,11.5,"8780",28,25,"0"
42,13,"8780",28,35,"0"
53,15.5,"8880",27,35,"1"
52,13.5,"8880",27,37,"1"
47,12,"8880",27,37,"1"
47,12.5,"8880",27,43,"1"
18,7.5,"8880",27,10,"1"
50,12.5,"8880",27,20,"1"
39,12.5,"8880",27,33,"1"
26,9,"8880",27,33,"1"
27,10,"8880",27,33,"1"
44,11,"8880",27,30,"1"
49,13,"9080",22,40,"0"
35,12,"9080",22,30,"0"
42,11,"9080",22,30,"0"
53,11.5,"9080",22,40,"0"
45,11.5,"9080",22,50,"0"
50,12,"9080",22,40,"0"
38,12,"9080",22,40,"0"
50,13,"9080",22,40,"0"
44,10.5,"9080",22,20,"0"
41,13.5,"9080",22,50,"0"
47,12.5,"9080",22,30,"0"
45,11,"9080",22,20,"0"
52,11.5,"9080",22,40,"0"
48,13,"9080",22,30,"0"
50,11.5,"9080",22,50,"0"
40,15,"9480",25,30,"0"
33,13,"9480",25,28,"0"
46,12.5,"9480",25,38,"0"
49,13,"9480",25,20,"0"
50,17.5,"9480",25,33,"0"
47,13,"9480",25,38,"0"
40,7,"9480",25,20,"0"
51,15.5,"9480",25,40,"0"
51,14.5,"9480",25,50,"0"
53,15.5,"9480",25,38,"0"
42,12.5,"9480",25,20,"0"
55,16.5,"9480",25,50,"0"
53,14,"9480",25,45,"0"
44,13.5,"9480",25,33,"0"
51,13,"9480",25,38,"0"
32,10,"9580",24,20,"0"
36,13.5,"9580",24,20,"0"
55,15.5,"9580",24,25,"0"
30,11.5,"9580",24,20,"0"
39,10.5,"9580",24,20,"0"
42,10,"9580",24,20,"0"
34,8,"9580",24,20,"0"
36,11.5,"9580",24,20,"0"
31,11,"9580",24,33,"0"
37,12,"9580",24,20,"0"
47,13,"9580",24,30,"0"
30,9,"9580",24,10,"0"
27,9,"9580",24,23,"0"
39,12,"9580",24,35,"0"
35,9.5,"9580",24,20,"0"
38,10.5,"9580",24,20,"0"
29,12.5,"9580",24,40,"0"
46,13,"9580",24,40,"0"
46,11.5,"9780",34,17,"0"
43,13,"9780",34,25,"0"
43,12,"9780",34,20,"0"
42,13.5,"9780",34,20,"0"
49,12,"9780",34,30,"0"
46,12,"9780",34,15,"0"
49,12.5,"9780",34,40,"0"
27,12.5,"9780",34,18,"0"
47,12.5,"9780",34,33,"0"
36,11.5,"9780",34,18,"0"
49,13.5,"9780",34,18,"0"
30,8.5,"9780",34,25,"0"
39,11.5,"9780",34,20,"0"
45,12.5,"9780",34,20,"0"
55,13,"9780",34,25,"0"
29,9.5,"9780",34,18,"0"
32,10.5,"9780",34,25,"0"
48,16,"9880",22,13,"0"
38,11,"9880",22,17,"0"
42,12,"9880",22,15,"0"
31,12,"9880",22,13,"0"
31,11,"9880",22,18,"0"
38,16.5,"9880",22,33,"0"
48,14.5,"9880",22,15,"0"
44,13,"9880",22,15,"0"
35,12.5,"9880",22,13,"0"
31,8.5,"9880",22,10,"0"
30,9,"9880",22,10,"0"
46,11,"9880",22,15,"0"
48,12.5,"9880",22,40,"0"
28,10,"9880",22,23,"0"
36,11,"9880",22,25,"0"
39,13.5,"9880",22,13,"0"
46,13,"9880",22,18,"0"
38,10.5,"9880",22,13,"0"
31,8.5,"9880",22,18,"0"
33,10.5,"9880",22,10,"0"
44,12,"10180",25,23,"0"
46,11,"10180",25,33,"0"
53,12,"10180",25,30,"0"
30,10.5,"10180",25,20,"0"
27,11.5,"10180",25,10,"0"
40,13,"10180",25,23,"0"
45,9,"10180",25,23,"0"
37,9,"10180",25,13,"0"
50,12,"10180",25,33,"0"
46,10,"10180",25,30,"0"
47,12,"10180",25,30,"0"
54,16,"10180",25,35,"0"
50,15.5,"10180",25,33,"0"
50,6,"10180",25,25,"0"
35,7.5,"10180",25,23,"0"
30,5.5,"10180",25,20,"0"
48,10.5,"10180",25,30,"0"
55,13,"10180",25,20,"0"
35,9,"10180",25,35,"0"
38,12,"10180",25,30,"0"
38,9,"10180",25,33,"0"
41,10.5,"10180",25,33,"0"
31,12,"10180",25,30,"0"
15,10,"10380",29,15,"1"
21,4,"10380",29,10,"1"
29,7,"10380",29,20,"1"
15,6,"10380",29,10,"1"
25,6,"10680",23,15,"1"
27,10.5,"10680",23,30,"1"
25,11,"10680",23,10,"1"
49,12.5,"10680",23,43,"1"
29,12,"10680",23,20,"1"
52,14,"10680",23,47,"1"
27,9.5,"10680",23,23,"1"
49,12.5,"10680",23,37,"1"
42,11.5,"10680",23,23,"1"
34,8,"10680",23,30,"1"
51,14.5,"10780",31,40,"1"
43,11,"10780",31,47,"1"
42,13,"10780",31,35,"1"
29,11.5,"10780",31,27,"1"
39,14.5,"10780",31,33,"1"
49,15.5,"10780",31,50,"1"
41,14,"10780",31,20,"1"
23,12.5,"10780",31,50,"1"
48,14,"10780",31,37,"1"
22,11,"10780",31,43,"1"
19,11,"10780",31,43,"1"
52,15,"10780",31,50,"1"
53,17,"10780",31,50,"1"
37,12.5,"10780",31,50,"1"
44,14,"10780",31,20,"1"
34,11.5,"10780",31,30,"1"
30,11,"10780",31,37,"1"
41,13,"10880",15,18,"1"
49,13.5,"10880",15,28,"1"
53,12,"10880",15,47,"1"
44,12,"10880",15,40,"1"
41,10,"10880",15,33,"1"
37,10.5,"10880",15,23,"1"
51,14,"10880",15,28,"1"
14,12.5,"10880",15,23,"1"
17,10.5,"10880",15,37,"1"
33,11.5,"10980",33,13,"0"
43,11,"10980",33,10,"0"
38,12,"10980",33,20,"0"
26,10.5,"10980",33,15,"0"
26,6,"10980",33,10,"0"
31,11,"10980",33,18,"0"
30,7,"10980",33,10,"0"
29,10.5,"10980",33,23,"0"
36,11.5,"10980",33,23,"0"
43,13,"10980",33,10,"0"
40,10.5,"10980",33,10,"0"
26,8.5,"10980",33,20,"0"
32,8.5,"10980",33,10,"0"
38,13.5,"10980",33,10,"0"
43,14.5,"10980",33,20,"0"
33,10.5,"10980",33,20,"0"
26,12,"10980",33,13,"0"
34,13.5,"10980",33,15,"0"
17,5.5,"10980",33,10,"0"
39,15.5,"10980",33,15,"0"
45,11.5,"11080",19,47,"0"
47,11.5,"11080",19,30,"0"
45,13,"11080",19,35,"0"
46,11.5,"11080",19,50,"0"
35,13,"11080",19,50,"0"
47,14,"11080",19,50,"0"
43,13,"11080",19,50,"0"
42,13,"11080",19,50,"0"
39,10.5,"11080",19,30,"0"
51,11,"11080",19,50,"0"
44,11,"11080",19,20,"0"
46,15,"11080",19,40,"0"
33,10.5,"11080",19,30,"0"
40,11,"11080",19,20,"0"
51,13.5,"11080",19,30,"0"
45,12.5,"11080",19,20,"0"
49,12.5,"11080",19,20,"0"
39,11.5,"11180",22,30,"0"
45,13.5,"11180",22,28,"0"
30,12.5,"11180",22,23,"0"
41,15,"11180",22,20,"0"
46,13,"11180",22,45,"0"
39,11,"11180",22,20,"0"
45,13,"11180",22,20,"0"
48,13,"11180",22,20,"0"
30,10,"11180",22,28,"0"
48,14,"11180",22,27,"0"
44,11.5,"11180",22,20,"0"
29,10,"11180",22,10,"0"
55,15.5,"11180",22,10,"0"
43,12,"11180",22,20,"0"
45,12,"11180",22,23,"0"
45,11.5,"11180",22,40,"0"
42,14,"11180",22,10,"0"
41,12,"11180",22,20,"0"
28,12,"11282",28,25,"1"
26,8,"11282",28,18,"1"
46,11,"11282",28,33,"1"
38,11,"11282",28,23,"1"
37,9.5,"11282",28,13,"1"
54,13.5,"11282",28,30,"1"
29,8,"11282",28,18,"1"
36,10.5,"11580",31,33,"0"
36,11,"11580",31,33,"0"
20,10,"11580",31,30,"0"
46,12,"11580",31,30,"0"
48,12,"11580",31,30,"0"
24,11,"11580",31,27,"0"
26,8.5,"11580",31,27,"0"
40,11.5,"11580",31,33,"0"
35,9.5,"11580",31,27,"0"
55,11,"11580",31,30,"0"
36,12,"11580",31,27,"0"
30,11.5,"11580",31,47,"0"
38,10.5,"11580",31,30,"0"
39,12.5,"11580",31,30,"0"
52,12,"11580",31,27,"0"
36,12,"11580",31,33,"0"
43,13,"11580",31,40,"0"
31,9.5,"11580",31,30,"0"
43,12,"11580",31,30,"0"
42,14.5,"11580",31,37,"0"
37,11.5,"11580",31,37,"0"
47,11.5,"11580",31,45,"0"
49,12,"11580",31,40,"0"
31,11,"11580",31,23,"0"
41,12,"11580",31,30,"0"
33,9,"11580",31,33,"0"
42,13.5,"11580",31,33,"0"
41,12.5,"11580",31,33,"0"
44,12.5,"11580",31,23,"0"
41,11,"11580",31,37,"0"
34,12,"11680",28,23,"1"
32,11,"11680",28,28,"1"
46,13.5,"11680",28,20,"1"
40,12,"11680",28,20,"1"
38,9.5,"11680",28,30,"1"
40,12.5,"11680",28,20,"1"
24,10.5,"11680",28,10,"1"
39,11.5,"11680",28,15,"1"
24,10,"11680",28,20,"1"
37,9.5,"11680",28,17,"1"
25,11,"11680",28,20,"1"
28,9,"11680",28,38,"1"
39,13,"11680",28,30,"1"
39,11,"11680",28,20,"1"
33,8,"11680",28,23,"1"
38,11,"11680",28,15,"1"
38,12.5,"11680",28,20,"1"
29,10,"11680",28,25,"1"
34,10.5,"11680",28,15,"1"
47,14,"11880",29,35,"1"
49,13.5,"11880",29,20,"1"
34,12.5,"11880",29,33,"1"
39,12.5,"11880",29,45,"1"
27,10.5,"11880",29,15,"1"
31,11.5,"11880",29,18,"1"
40,12,"11880",29,20,"1"
39,12,"11880",29,25,"1"
25,10.5,"11880",29,30,"1"
34,13,"11980",33,10,"1"
36,10,"11980",33,25,"1"
52,15,"11980",33,20,"1"
48,13,"11980",33,35,"1"
31,10.5,"11980",33,13,"1"
43,11.5,"11980",33,23,"1"
27,13,"11980",33,20,"1"
47,14,"11980",33,23,"1"
27,10,"11980",33,20,"1"
40,11,"11980",33,33,"1"
29,7,"11980",33,18,"1"
40,11,"11980",33,33,"1"
41,16,"12180",23,20,"1"
44,13.5,"12180",23,37,"1"
47,13.5,"12180",23,48,"1"
44,15,"12180",23,37,"1"
33,10.5,"12180",23,37,"1"
28,12,"12180",23,20,"1"
28,13,"12180",23,28,"1"
50,14.5,"12180",23,28,"1"
51,14,"12180",23,30,"1"
40,14,"12180",23,20,"1"
38,6.5,"12380",20,13,"1"
29,7,"12380",20,23,"1"
38,13.5,"12380",20,20,"1"
34,12,"12380",20,40,"1"
43,12,"12480",24,27,"0"
43,12.5,"12480",24,20,"0"
46,12,"12480",24,17,"0"
34,10,"12480",24,20,"0"
52,11.5,"12480",24,28,"0"
56,13.5,"12480",24,30,"0"
46,10.5,"12480",24,20,"0"
47,12.5,"12480",24,30,"0"
41,12,"12480",24,30,"0"
40,12,"12480",24,20,"0"
42,16,"12480",24,28,"0"
48,14.5,"12480",24,17,"0"
42,12,"12480",24,37,"0"
48,12.5,"12480",24,37,"0"
44,12.5,"12480",24,37,"0"
45,12,"12480",24,33,"0"
46,13.5,"12480",24,45,"0"
53,13.5,"12480",24,23,"0"
40,13,"12480",24,25,"0"
46,12,"12480",24,20,"0"
42,13.5,"12580",35,30,"0"
47,13.5,"12580",35,30,"0"
32,9.5,"12580",35,20,"0"
52,14.5,"12580",35,45,"0"
40,11.5,"12580",35,30,"0"
48,13,"12580",35,30,"0"
32,10.5,"12580",35,20,"0"
53,15,"12580",35,50,"0"
37,12,"12580",35,35,"0"
36,11.5,"12580",35,20,"0"
54,15,"12580",35,40,"0"
24,11,"12580",35,20,"0"
43,13,"12580",35,50,"0"
50,13,"12580",35,40,"0"
38,12,"12580",35,20,"0"
46,13,"12580",35,20,"0"
51,15,"12580",35,40,"0"
38,12,"12580",35,40,"0"
47,12.5,"12580",35,40,"0"
48,13.5,"12580",35,40,"0"
28,12.5,"12580",35,20,"0"
51,12,"12580",35,30,"0"
43,6.5,"12580",35,10,"0"
52,14.5,"12580",35,50,"0"
43,12.5,"12580",35,33,"0"
49,12,"12580",35,45,"0"
42,10.5,"13080",24,10,"1"
45,12,"13080",24,13,"1"
57,14.5,"13080",24,20,"1"
52,12,"13080",24,30,"1"
50,12.5,"13080",24,20,"1"
51,13.5,"13080",24,28,"1"
27,6,"13080",24,10,"1"
54,14.5,"13080",24,28,"1"
44,12.5,"13080",24,20,"1"
45,12,"13080",24,25,"1"
54,17,"13080",24,20,"1"
27,8,"13080",24,10,"1"
43,12.5,"13080",24,15,"1"
35,12.5,"13281",22,20,"0"
45,13,"13281",22,20,"0"
37,12,"13281",22,27,"0"
46,11,"13281",22,30,"0"
53,12.5,"13281",22,48,"0"
54,14.5,"13281",22,40,"0"
51,12.5,"13281",22,20,"0"
36,8.5,"13281",22,33,"0"
51,13,"13281",22,30,"0"
55,13,"13281",22,47,"0"
44,14,"13281",22,30,"0"
42,14,"13281",22,20,"0"
48,11,"13281",22,50,"0"
54,14.5,"13281",22,50,"0"
54,14.5,"13281",22,20,"0"
42,12,"13281",22,25,"0"
55,13,"13281",22,25,"0"
49,13,"13281",22,25,"0"
48,13.5,"13281",22,20,"0"
44,11,"13281",22,28,"0"
53,14.5,"13281",22,40,"0"
51,15,"13680",30,40,"1"
58,13,"13680",30,13,"1"
48,11.5,"13680",30,43,"1"
51,13.5,"13680",30,23,"1"
48,13,"13680",30,40,"1"
42,13.5,"13680",30,23,"1"
47,14.5,"13680",30,23,"1"
53,13,"13680",30,43,"1"
49,12,"13680",30,27,"1"
47,13.5,"13680",30,33,"1"
41,12.5,"13680",30,20,"1"
47,12.5,"13680",30,40,"1"
54,13.5,"13680",30,30,"1"
46,11,"13680",30,33,"1"
33,11.5,"13680",30,30,"1"
44,12.5,"13680",30,20,"1"
49,12.5,"13780",32,40,"1"
55,14.5,"13780",32,40,"1"
49,10,"13780",32,18,"1"
37,12.5,"13780",32,20,"1"
46,12,"13780",32,30,"1"
30,6,"13780",32,37,"1"
33,11,"13780",32,23,"1"
51,13.5,"13780",32,43,"1"
50,11,"13780",32,20,"1"
40,12.5,"13780",32,30,"1"
46,13,"13780",32,37,"1"
47,10,"13780",32,38,"1"
48,12.5,"13780",32,20,"1"
56,15,"13780",32,37,"1"
25,11,"13780",32,20,"1"
52,12,"13780",32,33,"1"
47,11.5,"13780",32,33,"1"
40,12.5,"13780",32,30,"1"
27,9.5,"14180",20,13,"0"
41,10.5,"14180",20,20,"0"
32,11,"14180",20,15,"0"
45,15,"14180",20,20,"0"
47,13.5,"14180",20,20,"0"
35,11.5,"14180",20,17,"0"
44,11.5,"14180",20,18,"0"
35,8,"14180",20,18,"0"
45,14,"14180",20,25,"0"
46,15,"14180",20,20,"0"
51,12.5,"14180",20,43,"0"
33,11.5,"14180",20,18,"0"
29,10.5,"14180",20,13,"0"
48,12,"14180",20,15,"0"
41,10.5,"14180",20,37,"0"
38,8.5,"14180",20,23,"0"
44,12,"14180",20,15,"0"
27,12.5,"14180",20,20,"0"
53,13.5,"14180",20,17,"0"
44,13.5,"14180",20,20,"0"
42,12,"14280",25,40,"0"
50,12,"14280",25,17,"0"
48,13.5,"14280",25,43,"0"
53,12.5,"14280",25,17,"0"
41,12,"14280",25,30,"0"
38,14.5,"14280",25,15,"0"
41,10.5,"14280",25,15,"0"
33,11,"14280",25,20,"0"
54,13.5,"14280",25,33,"0"
31,10.5,"14280",25,10,"0"
50,14,"14280",25,17,"0"
40,11.5,"14280",25,17,"0"
52,13.5,"14280",25,23,"0"
46,10,"14280",25,20,"0"
46,12,"14280",25,20,"0"
53,14.5,"14280",25,17,"0"
36,10.5,"14280",25,40,"0"
46,13.5,"14280",25,20,"0"
55,11.5,"14280",25,13,"0"
51,13,"14280",25,17,"0"
42,12.5,"14280",25,15,"0"
45,10,"14280",25,13,"0"
45,12.5,"14280",25,10,"0"
52,11,"14280",25,50,"0"
55,13,"14780",22,30,"0"
37,11.5,"14780",22,25,"0"
46,13.5,"14780",22,23,"0"
51,12,"14780",22,33,"0"
46,10,"14780",22,17,"0"
51,13.5,"14780",22,20,"0"
54,13.5,"14780",22,25,"0"
51,12,"14780",22,37,"0"
53,12.5,"14780",22,25,"0"
46,13,"14780",22,20,"0"
55,14,"14780",22,20,"0"
51,12.5,"14780",22,25,"0"
54,12.5,"14780",22,25,"0"
55,15,"14780",22,18,"0"
37,13.5,"14780",22,20,"0"
51,13,"14780",22,23,"0"
53,12,"14780",22,20,"0"
51,15,"14780",22,23,"0"
43,12.5,"14780",22,23,"0"
48,12,"14780",22,20,"0"
47,11.5,"14780",22,25,"0"
46,10.5,"14780",22,20,"0"
51,12.5,"14880",32,25,"0"
47,13,"14880",32,23,"0"
46,11,"14880",32,43,"0"
45,11,"14880",32,20,"0"
38,11.5,"14880",32,10,"0"
41,13,"14880",32,20,"0"
43,12,"14880",32,23,"0"
44,13.5,"14880",32,25,"0"
42,12.5,"14880",32,23,"0"
51,17,"14880",32,28,"0"
40,11.5,"14880",32,23,"0"
54,17,"14880",32,20,"0"
50,11.5,"14880",32,28,"0"
55,14,"14880",32,48,"0"
47,13.5,"14880",32,35,"0"
44,12.5,"14880",32,28,"0"
42,13,"14880",32,38,"0"
56,16.5,"14880",32,48,"0"
33,12,"14880",32,28,"0"
46,13,"14880",32,20,"0"
48,12.5,"14880",32,15,"0"
32,12.5,"14880",32,50,"0"
43,15,"14880",32,33,"0"
45,11.5,"14880",32,30,"0"
45,14.5,"14880",32,50,"0"
53,13.5,"14880",32,33,"0"
50,14.5,"14880",32,35,"0"
48,12,"14880",32,33,"0"
37,13,"14880",32,23,"0"
51,15,"14980",23,45,"0"
40,11,"14980",23,35,"0"
44,12,"14980",23,33,"0"
38,11.5,"14980",23,43,"0"
35,9,"14980",23,33,"0"
23,9.5,"14980",23,37,"0"
46,11.5,"14980",23,33,"0"
38,10.5,"14980",23,43,"0"
52,9.5,"14980",23,47,"0"
45,12,"14980",23,40,"0"
34,9,"14980",23,20,"0"
46,13.5,"14980",23,45,"0"
41,12,"14980",23,23,"0"
40,12.5,"14980",23,33,"0"
51,15,"14980",23,43,"0"
31,11.5,"14980",23,20,"0"
47,12,"14980",23,30,"0"
44,14,"14980",23,47,"0"
47,13.5,"14980",23,40,"0"
48,13.5,"14980",23,20,"0"
48,13,"14980",23,45,"0"
30,11.5,"15080",30,20,"0"
40,12,"15080",30,50,"0"
50,12,"15080",30,20,"0"
54,12.5,"15080",30,40,"0"
37,9,"15080",30,30,"0"
40,13.5,"15080",30,40,"0"
34,11,"15080",30,40,"0"
47,11.5,"15080",30,40,"0"
33,9.5,"15080",30,40,"0"
43,12,"15080",30,10,"0"
53,12.5,"15080",30,40,"0"
36,10,"15080",30,20,"0"
49,12.5,"15080",30,30,"0"
54,13,"15080",30,50,"0"
45,12,"15080",30,40,"0"
41,13.5,"15080",30,50,"0"
35,10.5,"15080",30,20,"0"
34,10.5,"15080",30,40,"0"
30,10.5,"15080",30,40,"0"
41,12.5,"15080",30,50,"0"
37,9.5,"15080",30,30,"0"
46,12.5,"15080",30,30,"0"
43,11.5,"15080",30,30,"0"
30,12,"15080",30,20,"0"
39,11.5,"15080",30,10,"0"
40,11,"15180",24,20,"0"
25,10,"15180",24,20,"0"
38,11,"15180",24,30,"0"
34,10,"15180",24,20,"0"
37,12.5,"15180",24,20,"0"
33,7,"15180",24,20,"0"
39,10,"15180",24,20,"0"
34,11.5,"15180",24,20,"0"
49,12,"15180",24,47,"0"
46,13,"15180",24,23,"0"
37,9.5,"15180",24,47,"0"
37,8.5,"15180",24,33,"0"
43,12.5,"15180",24,20,"0"
47,12,"15180",24,20,"0"
38,10.5,"15180",24,47,"0"
28,10,"15180",24,17,"0"
42,11.5,"15180",24,23,"0"
43,10.5,"15180",24,23,"0"
34,7.5,"15180",24,20,"0"
31,10,"15180",24,20,"0"
51,16,"15180",24,40,"0"
38,12,"15180",24,23,"0"
34,7.5,"15180",24,20,"0"
49,13.5,"15280",17,30,"0"
52,15,"15280",17,50,"0"
46,11,"15280",17,40,"0"
40,12,"15280",17,30,"0"
49,14.5,"15280",17,37,"0"
40,11.5,"15280",17,47,"0"
49,12,"15280",17,43,"0"
54,11.5,"15280",17,40,"0"
51,13,"15280",17,30,"0"
56,13.5,"15280",17,43,"0"
54,12.5,"15280",17,47,"0"
52,12.5,"15280",17,47,"0"
39,12,"15280",17,30,"0"
47,10,"15280",17,43,"0"
38,11.5,"15280",17,47,"0"
52,12,"15280",17,37,"0"
48,12.5,"15280",17,43,"0"
34,10,"15580",34,30,"0"
39,11,"15580",34,33,"0"
40,9,"15580",34,40,"0"
51,13,"15580",34,40,"0"
54,13,"15580",34,40,"0"
51,13.5,"15580",34,30,"0"
51,13,"15580",34,25,"0"
54,13.5,"15580",34,30,"0"
49,10,"15580",34,27,"0"
42,12,"15580",34,35,"0"
55,15,"15580",34,40,"0"
42,10.5,"15580",34,23,"0"
54,12,"15580",34,33,"0"
29,8,"15580",34,17,"0"
35,12.5,"15580",34,50,"0"
50,14,"15580",34,50,"0"
37,12,"15580",34,30,"0"
40,11.5,"15580",34,33,"0"
52,11,"15580",34,30,"0"
52,14,"15580",34,37,"0"
41,12,"15580",34,33,"0"
51,15,"15580",34,23,"0"
45,11.5,"15580",34,43,"0"
40,12,"15580",34,37,"0"
34,11,"15580",34,30,"0"
38,12.5,"15580",34,40,"0"
47,10.5,"15580",34,20,"0"
34,11,"15580",34,20,"0"
23,9,"15580",34,23,"0"
34,8.5,"15580",34,40,"0"
51,12.5,"15580",34,40,"0"
47,10.5,"15580",34,37,"0"
50,13,"15580",34,30,"0"
47,14,"15680",39,23,"1"
38,11,"15680",39,48,"1"
49,11.5,"15680",39,30,"1"
29,10,"15680",39,28,"1"
38,11.5,"15680",39,28,"1"
48,14,"15680",39,23,"1"
25,12,"15680",39,20,"1"
31,7,"15680",39,10,"1"
45,12.5,"15680",39,18,"1"
31,8,"15680",39,10,"1"
40,12,"15680",39,10,"1"
47,13.5,"15680",39,20,"1"
49,12,"15980",33,25,"0"
50,13,"15980",33,30,"0"
48,11,"15980",33,37,"0"
41,12.5,"15980",33,20,"0"
42,10,"15980",33,35,"0"
54,12.5,"15980",33,38,"0"
42,12,"15980",33,35,"0"
32,9.5,"15980",33,23,"0"
51,16.5,"15980",33,20,"0"
34,10.5,"15980",33,20,"0"
38,14,"15980",33,20,"0"
32,11,"15980",33,33,"0"
21,10.5,"15980",33,30,"0"
46,11.5,"15980",33,23,"0"
44,12,"15980",33,10,"0"
43,11.5,"15980",33,23,"0"
46,10,"15980",33,23,"0"
57,14,"15980",33,40,"0"
44,12,"15980",33,40,"0"
50,11,"15980",33,45,"0"
43,14,"15980",33,25,"0"
39,12.5,"15980",33,20,"0"
52,13.5,"15980",33,30,"0"
38,13,"15980",33,30,"0"
51,12.5,"15980",33,23,"0"
43,12.5,"15980",33,20,"0"
40,11,"15980",33,20,"0"
42,11.5,"15980",33,20,"0"
38,11,"15980",33,30,"0"
54,15,"15980",33,33,"0"
51,17.5,"15980",33,20,"0"
50,14.5,"16080",26,50,"0"
45,12.5,"16080",26,45,"0"
43,12.5,"16080",26,10,"0"
51,12,"16080",26,20,"0"
44,9.5,"16080",26,10,"0"
23,5,"16080",26,10,"0"
40,12,"16080",26,45,"0"
34,8,"16080",26,10,"0"
20,7.5,"16080",26,10,"0"
44,12,"16080",26,50,"0"
52,15,"16080",26,35,"0"
40,12,"16080",26,35,"0"
33,9.5,"16080",26,10,"0"
47,12,"16080",26,50,"0"
52,13,"16080",26,40,"0"
50,17.5,"16080",26,40,"0"
30,9.5,"16080",26,50,"0"
50,12.5,"16080",26,25,"0"
44,12.5,"16080",26,35,"0"
52,13.5,"16080",26,37,"0"
53,11.5,"16080",26,40,"0"
42,12,"16080",26,35,"0"
54,14.5,"16080",26,50,"0"
51,11,"16180",36,20,"0"
45,8,"16180",36,20,"0"
52,15,"16180",36,47,"0"
51,13.5,"16180",36,37,"0"
50,14,"16180",36,20,"0"
44,11.5,"16180",36,48,"0"
28,10.5,"16180",36,20,"0"
43,11.5,"16180",36,17,"0"
50,11.5,"16180",36,27,"0"
41,13.5,"16180",36,18,"0"
51,13.5,"16180",36,37,"0"
53,11,"16180",36,17,"0"
35,11.5,"16180",36,38,"0"
50,12,"16180",36,37,"0"
41,13,"16180",36,37,"0"
55,12,"16180",36,40,"0"
37,10.5,"16180",36,40,"0"
44,13,"16180",36,30,"0"
52,12.5,"16180",36,43,"0"
49,15,"16180",36,43,"0"
48,13.5,"16180",36,23,"0"
52,12.5,"16180",36,50,"0"
43,12,"16180",36,20,"0"
54,11.5,"16180",36,23,"0"
39,11.5,"16180",36,33,"0"
24,11.5,"16180",36,27,"0"
50,13.5,"16180",36,30,"0"
47,8,"16180",36,30,"0"
48,13.5,"16180",36,43,"0"
40,11,"16180",36,20,"0"
58,17,"16180",36,43,"0"
48,13.5,"16480",25,30,"0"
40,12,"16480",25,18,"0"
35,11,"16480",25,28,"0"
42,12,"16480",25,20,"0"
44,9,"16480",25,20,"0"
31,7.5,"16480",25,18,"0"
35,11,"16480",25,18,"0"
37,12.5,"16480",25,15,"0"
40,12,"16480",25,23,"0"
50,12.5,"16480",25,23,"0"
55,13,"16480",25,33,"0"
50,14,"16480",25,23,"0"
39,12,"16480",25,15,"0"
43,11,"16480",25,23,"0"
43,8.5,"16480",25,20,"0"
50,12,"16480",25,25,"0"
45,13.5,"16480",25,23,"0"
53,12,"16480",25,23,"0"
40,11.5,"16480",25,20,"0"
48,12,"16480",25,20,"0"
51,12.5,"16480",25,23,"0"
37,11,"16480",25,18,"0"
47,11.5,"16480",25,23,"0"
54,14,"16480",25,25,"0"
26,10.5,"16780",28,45,"0"
48,13,"16780",28,40,"0"
42,9,"16780",28,35,"0"
41,10,"16780",28,47,"0"
41,8,"16780",28,35,"0"
55,14.5,"16780",28,20,"0"
52,13,"16780",28,50,"0"
53,11.5,"16780",28,50,"0"
47,11.5,"16780",28,35,"0"
39,8.5,"16780",28,35,"0"
41,9.5,"16780",28,35,"0"
42,12.5,"16780",28,40,"0"
57,16.5,"16780",28,40,"0"
39,12,"16780",28,50,"0"
34,10.5,"16780",28,20,"0"
39,12,"16780",28,20,"0"
37,4,"16780",28,35,"0"
40,10.5,"16780",28,40,"0"
42,11,"16780",28,20,"0"
46,11.5,"16780",28,40,"0"
50,13,"16780",28,40,"0"
27,10.5,"16780",28,20,"0"
49,13,"16780",28,25,"0"
43,11.5,"16780",28,35,"0"
25,10.5,"16780",28,40,"0"
51,12,"17080",27,18,"0"
41,11.5,"17080",27,18,"0"
37,10,"17080",27,15,"0"
34,10.5,"17080",27,18,"0"
34,10.5,"17080",27,15,"0"
51,11,"17080",27,15,"0"
53,13.5,"17080",27,18,"0"
57,13.5,"17080",27,50,"0"
49,12,"17080",27,15,"0"
21,7,"17080",27,10,"0"
27,10,"17080",27,15,"0"
39,12.5,"17080",27,47,"0"
50,14.5,"17080",27,15,"0"
38,10,"17080",27,15,"0"
42,12,"17080",27,15,"0"
54,14.5,"17080",27,18,"0"
37,12,"17080",27,18,"0"
40,12,"17080",27,18,"0"
51,14,"17080",27,43,"0"
25,8.5,"17080",27,13,"0"
25,9,"17080",27,18,"0"
47,11.5,"17080",27,20,"0"
25,7.5,"17080",27,18,"0"
52,11,"17080",27,28,"0"
50,12,"17080",27,18,"0"
47,12,"17080",27,15,"0"
56,16,"17580",27,40,"1"
53,16,"17580",27,45,"1"
37,10.5,"17580",27,30,"1"
53,13,"17580",27,30,"1"
42,11,"17580",27,23,"1"
42,12.5,"17580",27,33,"1"
45,15,"17580",27,33,"1"
54,15.5,"17580",27,45,"1"
23,10,"17580",27,17,"1"
48,11,"17580",27,37,"1"
54,12.5,"17580",27,50,"1"
47,12,"17580",27,23,"1"
46,12,"17580",27,50,"1"
38,14.5,"17580",27,50,"1"
26,7,"17680",24,10,"0"
53,12.5,"17680",24,23,"0"
51,11.5,"17680",24,20,"0"
55,14,"17680",24,30,"0"
33,11,"17680",24,25,"0"
51,11,"17680",24,43,"0"
47,12.5,"17680",24,30,"0"
52,16,"17680",24,40,"0"
37,11,"17680",24,18,"0"
51,12.5,"17680",24,27,"0"
41,8,"17680",24,20,"0"
53,10.5,"17680",24,28,"0"
35,11,"17680",24,18,"0"
49,11.5,"17680",24,38,"0"
43,14.5,"17680",24,30,"0"
55,13,"17680",24,18,"0"
54,16,"17680",24,20,"0"
55,13.5,"17680",24,25,"0"
55,13.5,"17680",24,23,"0"
55,14.5,"17680",24,20,"0"
31,8.5,"17680",24,28,"0"
36,8.5,"17680",24,18,"0"
57,14.5,"17680",24,40,"0"
41,10.5,"17780",24,33,"1"
49,11.5,"17780",24,35,"1"
42,9.5,"17780",24,30,"1"
37,10.5,"17780",24,18,"1"
33,12,"17780",24,33,"1"
44,11.5,"17780",24,20,"1"
43,14,"17780",24,18,"1"
39,11.5,"17780",24,18,"1"
34,12,"17780",24,18,"1"
45,11.5,"17780",24,15,"1"
46,13.5,"17780",24,33,"1"
34,11,"17780",24,18,"1"
46,11.5,"17780",24,20,"1"
27,9.5,"17780",24,17,"1"
48,12,"17780",24,20,"1"
39,13.5,"17780",24,30,"1"
44,13,"17780",24,20,"1"
34,13,"17980",10,20,"1"
45,12,"17980",10,17,"1"
29,12,"17980",10,20,"1"
19,9.5,"17980",10,10,"1"
24,10,"17980",10,10,"1"
30,11,"17980",10,10,"1"
29,6.5,"18280",11,10,"0"
24,6.5,"18280",11,10,"0"
41,11.5,"18280",11,10,"0"
46,11,"18280",11,10,"0"
37,12,"18280",11,10,"0"
34,10.5,"18280",11,10,"0"
30,8.5,"18280",11,10,"0"
35,8.5,"18280",11,10,"0"
38,8,"18280",11,10,"0"
40,12,"18380",32,23,"0"
39,10.5,"18380",32,43,"0"
45,11,"18380",32,25,"0"
45,12,"18380",32,20,"0"
44,11.5,"18380",32,25,"0"
46,11,"18380",32,23,"0"
48,12,"18380",32,30,"0"
47,12.5,"18380",32,23,"0"
27,11.5,"18380",32,25,"0"
43,12,"18380",32,50,"0"
26,11,"18380",32,15,"0"
31,9,"18380",32,18,"0"
34,12.5,"18380",32,20,"0"
32,11.5,"18380",32,15,"0"
47,12.5,"18380",32,33,"0"
49,11,"18380",32,37,"0"
40,14,"18380",32,37,"0"
41,13,"18380",32,43,"0"
53,13.5,"18380",32,40,"0"
52,12,"18380",32,23,"0"
47,11.5,"18380",32,20,"0"
34,15,"18380",32,23,"0"
27,10.5,"18380",32,20,"0"
41,10.5,"18380",32,28,"0"
41,11.5,"18380",32,43,"0"
44,12,"18380",32,40,"0"
37,12,"18380",32,15,"0"
36,11,"18380",32,25,"0"
49,12.5,"18380",32,33,"0"
41,10,"18380",32,18,"0"
17,6,"18380",32,10,"0"
41,11,"18480",29,10,"0"
51,18,"18480",29,23,"0"
31,14.5,"18480",29,20,"0"
41,10,"18480",29,40,"0"
37,12,"18480",29,20,"0"
48,11,"18480",29,43,"0"
47,10.5,"18480",29,50,"0"
32,11,"18480",29,37,"0"
48,13,"18480",29,47,"0"
40,11.5,"18480",29,43,"0"
47,12.5,"18480",29,50,"0"
54,15.5,"18480",29,50,"0"
43,11,"18480",29,17,"0"
37,12,"18480",29,30,"0"
41,13,"18480",29,43,"0"
49,13,"18480",29,20,"0"
42,12,"18480",29,27,"0"
32,12,"18480",29,17,"0"
40,12.5,"18480",29,37,"0"
36,13,"18480",29,25,"0"
53,14.5,"18480",29,40,"0"
23,11.5,"18480",29,13,"0"
42,12.5,"18480",29,33,"0"
38,11.5,"18480",29,23,"0"
43,17,"18480",29,37,"0"
51,13,"18480",29,47,"0"
41,9.5,"18480",29,10,"0"
52,11,"18480",29,47,"0"
50,13.5,"18880",26,17,"1"
26,8.5,"18880",26,23,"1"
36,10.5,"18880",26,23,"1"
20,10.5,"18880",26,23,"1"
46,11,"18880",26,40,"1"
39,10.5,"18880",26,30,"1"
34,10.5,"18880",26,40,"1"
33,10.5,"18880",26,18,"1"
44,11.5,"18880",26,18,"1"
42,11.5,"18880",26,18,"1"
48,12,"18880",26,30,"1"
25,11.5,"18880",26,18,"1"
44,14.5,"18980",29,15,"0"
48,10.5,"18980",29,17,"0"
46,12,"18980",29,40,"0"
49,15,"18980",29,27,"0"
43,7,"18980",29,20,"0"
39,13,"18980",29,20,"0"
35,9,"18980",29,20,"0"
31,9,"18980",29,15,"0"
40,11,"18980",29,10,"0"
53,12.5,"18980",29,20,"0"
44,13,"18980",29,30,"0"
52,13,"18980",29,40,"0"
33,11,"18980",29,30,"0"
49,12,"18980",29,48,"0"
40,11,"18980",29,35,"0"
48,15,"18980",29,33,"0"
17,7,"18980",29,15,"0"
29,9.5,"19280",14,35,"1"
44,12.5,"19280",14,30,"1"
29,10,"19280",14,33,"1"
24,10.5,"19280",14,15,"1"
41,10,"19280",14,35,"1"
36,10,"19280",14,15,"1"
30,11,"19280",14,18,"1"
34,12.5,"19280",14,18,"1"
50,12.5,"19380",31,27,"1"
52,10.5,"19380",31,35,"1"
51,15,"19380",31,20,"1"
44,11.5,"19380",31,30,"1"
55,15,"19380",31,45,"1"
50,14,"19380",31,27,"1"
44,11,"19380",31,23,"1"
49,12.5,"19380",31,15,"1"
54,14,"19380",31,20,"1"
32,11.5,"19380",31,18,"1"
52,13,"19380",31,20,"1"
48,11.5,"19380",31,20,"1"
37,10.5,"19580",31,37,"1"
45,13.5,"19580",31,47,"1"
23,11,"19580",31,17,"1"
49,15.5,"19580",31,15,"1"
56,15.5,"19580",31,35,"1"
43,13,"19580",31,20,"1"
44,11.5,"19580",31,40,"1"
45,11,"19580",31,15,"1"
33,10,"19580",31,35,"1"
30,11,"19580",31,15,"1"
38,12,"19580",31,15,"1"
35,10.5,"19580",31,15,"1"
43,12,"19580",31,15,"1"
38,13,"19580",31,15,"1"
37,12.5,"19580",31,18,"1"
34,11.5,"19580",31,25,"1"
44,10,"19580",31,20,"1"
42,11,"19580",31,18,"1"
46,12,"19580",31,18,"1"
47,13,"19580",31,18,"1"
40,10.5,"19680",27,23,"0"
42,13,"19680",27,23,"0"
45,15,"19680",27,23,"0"
35,12.5,"19680",27,20,"0"
39,12,"19680",27,23,"0"
46,12,"19680",27,23,"0"
46,12.5,"19680",27,25,"0"
49,12,"19680",27,27,"0"
32,11,"19680",27,20,"0"
40,12,"19680",27,23,"0"
43,10.5,"19680",27,45,"0"
50,16,"19680",27,40,"0"
55,15,"19680",27,30,"0"
47,7.5,"19680",27,40,"0"
36,13,"19680",27,20,"0"
44,11.5,"19680",27,37,"0"
50,15.5,"19680",27,23,"0"
40,12,"19680",27,28,"0"
50,12.5,"19680",27,30,"0"
52,13.5,"19680",27,47,"0"
55,15.5,"19680",27,50,"0"
30,9.5,"19680",27,23,"0"
26,7.5,"19680",27,18,"0"
45,14,"19680",27,23,"0"
35,10.5,"19680",27,18,"0"
37,10.5,"19680",27,40,"0"
45,12.5,"19680",27,40,"0"
43,14,"19780",35,27,"1"
50,13.5,"19780",35,23,"1"
46,12.5,"19780",35,30,"1"
50,15,"19780",35,27,"1"
53,13.5,"19780",35,30,"1"
53,14.5,"19780",35,30,"1"
37,10.5,"19780",35,23,"1"
46,12,"19780",35,27,"1"
45,11.5,"19780",35,33,"1"
51,15.5,"19780",35,30,"1"
37,11.5,"19780",35,27,"1"
49,14.5,"19780",35,23,"1"
46,15,"19780",35,23,"1"
37,13,"19780",35,20,"1"
37,12,"19780",35,20,"1"
23,13,"19780",35,23,"1"
47,13.5,"19780",35,30,"1"
49,12.5,"19780",35,30,"1"
51,18,"19780",35,40,"1"
56,16.5,"19780",35,27,"1"
30,11.5,"19880",22,23,"1"
28,11,"19880",22,10,"1"
45,13.5,"19880",22,30,"1"
31,9.5,"19880",22,17,"1"
29,8.5,"19880",22,10,"1"
49,14,"19880",22,25,"1"
43,10.5,"19880",22,25,"1"
49,14.5,"19980",37,40,"0"
40,12.5,"19980",37,40,"0"
39,13,"19980",37,45,"0"
33,13,"19980",37,17,"0"
30,13.5,"19980",37,40,"0"
31,10.5,"19980",37,20,"0"
37,9,"19980",37,30,"0"
53,14,"19980",37,27,"0"
42,15,"19980",37,20,"0"
31,11.5,"19980",37,20,"0"
35,10,"19980",37,20,"0"
22,9,"19980",37,20,"0"
28,9.5,"19980",37,10,"0"
33,8.5,"19980",37,10,"0"
21,10,"19980",37,10,"0"
24,8,"19980",37,23,"0"
22,7,"19980",37,10,"0"
46,11.5,"19980",37,15,"0"
25,11,"19980",37,10,"0"
27,8.5,"19980",37,10,"0"
43,13.5,"19980",37,15,"0"
36,11,"19980",37,15,"0"
26,10,"19980",37,10,"0"
46,12.5,"19980",37,10,"0"
46,12,"19980",37,10,"0"
44,14.5,"19980",37,10,"0"
32,10.5,"19980",37,15,"0"
35,13.5,"19980",37,20,"0"
26,9,"19980",37,10,"0"
34,12,"19980",37,10,"0"
45,12,"20480",26,40,"0"
47,13,"20480",26,40,"0"
45,12.5,"20480",26,20,"0"
32,10,"20480",26,38,"0"
32,11,"20480",26,50,"0"
47,13,"20480",26,30,"0"
28,10,"20480",26,40,"0"
46,14,"20480",26,45,"0"
37,13,"20480",26,37,"0"
40,12.5,"20480",26,43,"0"
42,13.5,"20480",26,40,"0"
53,9.5,"20480",26,43,"0"
22,11,"20480",26,37,"0"
21,8.5,"20480",26,20,"0"
37,10.5,"20480",26,37,"0"
42,11,"20480",26,38,"0"
42,8.5,"20480",26,47,"0"
35,8.5,"20480",26,37,"0"
51,12.5,"20480",26,40,"0"
46,10.5,"20480",26,37,"0"
31,10.5,"20480",26,37,"0"
40,10,"20480",26,27,"0"
52,11,"20480",26,33,"0"
47,14,"20480",26,47,"0"
39,12.5,"20680",11,18,"0"
39,12,"20680",11,20,"0"
52,14,"20680",11,35,"0"
48,12,"20680",11,23,"0"
40,13,"20680",11,18,"0"
47,12.5,"20680",11,28,"0"
45,11.5,"20680",11,20,"0"
56,14.5,"20680",11,25,"0"
51,13.5,"20680",11,20,"0"
47,12.5,"20680",11,20,"0"
38,12.5,"20680",11,18,"0"
36,11,"20980",27,30,"0"
26,10.5,"20980",27,10,"0"
37,11,"20980",27,17,"0"
48,12,"20980",27,10,"0"
33,10.5,"20980",27,13,"0"
43,11.5,"20980",27,27,"0"
52,14.5,"20980",27,13,"0"
42,13,"20980",27,20,"0"
53,13,"20980",27,17,"0"
47,11,"20980",27,20,"0"
55,15,"20980",27,23,"0"
39,9.5,"20980",27,10,"0"
33,13,"20980",27,20,"0"
46,12.5,"20980",27,43,"0"
45,12.5,"20980",27,50,"0"
49,11,"20980",27,10,"0"
48,12.5,"20980",27,23,"0"
47,12.5,"20980",27,33,"0"
40,13,"20980",27,20,"0"
39,13.5,"20980",27,47,"0"
47,11.5,"20980",27,10,"0"
41,11.5,"20980",27,10,"0"
41,11.5,"20980",27,10,"0"
45,13.5,"21080",17,35,"0"
40,11.5,"21080",17,40,"0"
55,12.5,"21080",17,35,"0"
50,15.5,"21080",17,43,"0"
53,12,"21080",17,48,"0"
52,15.5,"21080",17,48,"0"
29,9,"21080",17,30,"0"
46,13.5,"21080",17,35,"0"
27,12,"21080",17,40,"0"
33,13,"21080",17,30,"0"
31,12,"21080",17,43,"0"
47,13.5,"21080",17,38,"0"
56,14.5,"21080",17,35,"0"
28,9,"21080",17,28,"0"
44,14.5,"21080",17,35,"0"
40,14.5,"21080",17,30,"0"
34,9,"21280",25,25,"0"
32,12.5,"21280",25,18,"0"
28,8.5,"21280",25,20,"0"
49,13,"21280",25,33,"0"
42,13,"21280",25,18,"0"
50,11,"21280",25,23,"0"
46,13,"21280",25,15,"0"
51,15,"21280",25,23,"0"
42,12.5,"21280",25,18,"0"
42,14.5,"21280",25,18,"0"
40,8.5,"21280",25,18,"0"
46,16.5,"21280",25,27,"0"
35,10,"21280",25,18,"0"
42,14,"21280",25,17,"0"
52,13.5,"21280",25,15,"0"
47,11.5,"21280",25,25,"0"
47,11.5,"21280",25,23,"0"
33,5.5,"21280",25,18,"0"
43,12.5,"21280",25,25,"0"
46,13,"21280",25,17,"0"
49,13.5,"21280",25,18,"0"
26,11,"21280",25,18,"0"
35,12,"21280",25,18,"0"
45,11.5,"21280",25,18,"0"
49,12,"21280",25,28,"0"
21,10,"21480",27,15,"0"
33,9,"21480",27,20,"0"
33,7,"21480",27,10,"0"
21,10,"21480",27,20,"0"
34,11.5,"21480",27,20,"0"
31,8,"21480",27,20,"0"
27,10.5,"21480",27,20,"0"
32,12,"21480",27,20,"0"
41,12,"21480",27,47,"0"
22,7,"21480",27,20,"0"
34,14,"21480",27,15,"0"
22,6,"21480",27,20,"0"
52,17,"21480",27,40,"0"
23,7,"21480",27,20,"0"
35,11.5,"21480",27,37,"0"
35,9,"21480",27,15,"0"
26,10,"21480",27,15,"0"
40,13.5,"21480",27,20,"0"
49,15.5,"21480",27,43,"0"
36,7.5,"21480",27,17,"0"
36,12.5,"21480",27,30,"0"
42,10.5,"21580",16,17,"0"
32,9,"21580",16,10,"0"
37,11,"21580",16,27,"0"
46,14.5,"21580",16,50,"0"
35,10,"21580",16,23,"0"
51,11.5,"21580",16,20,"0"
47,15.5,"21580",16,20,"0"
47,11.5,"21580",16,20,"0"
44,14,"21580",16,20,"0"
49,11.5,"21580",16,33,"0"
37,9,"21580",16,20,"0"
35,11.5,"21580",16,20,"0"
33,11.5,"21680",18,18,"1"
37,14.5,"21680",18,20,"1"
53,12,"21680",18,20,"1"
51,13.5,"21680",18,38,"1"
53,14,"21680",18,28,"1"
36,10,"21680",18,23,"1"
43,12,"21680",18,25,"1"
52,14,"21780",20,20,"0"
36,11,"21780",20,27,"0"
50,13,"21780",20,40,"0"
48,13,"21780",20,27,"0"
49,13,"21780",20,20,"0"
43,12,"21780",20,17,"0"
38,12.5,"21780",20,20,"0"
39,12,"21780",20,20,"0"
44,13.5,"21880",27,35,"0"
41,8.5,"21880",27,28,"0"
52,15,"21880",27,35,"0"
55,15.5,"21880",27,28,"0"
49,16,"21880",27,33,"0"
55,14,"21880",27,50,"0"
42,16,"21880",27,40,"0"
43,14,"21880",27,43,"0"
39,11,"21880",27,33,"0"
41,7.5,"21880",27,33,"0"
56,14.5,"21880",27,40,"0"
41,10.5,"21880",27,28,"0"
49,15,"21880",27,50,"0"
44,10.5,"21880",27,20,"0"
48,13.5,"21880",27,50,"0"
42,11.5,"21880",27,23,"0"
48,10.5,"21880",27,40,"0"
53,15,"21880",27,35,"0"
54,13,"21880",27,35,"0"
53,12.5,"21880",27,33,"0"
44,13.5,"21880",27,23,"0"
44,12.5,"21880",27,23,"0"
44,5.5,"21880",27,33,"0"
54,17.5,"21880",27,50,"0"
36,9.5,"21980",32,15,"1"
50,14.5,"21980",32,28,"1"
43,14,"21980",32,18,"1"
46,13.5,"21980",32,15,"1"
51,10,"21980",32,23,"1"
46,12.5,"21980",32,10,"1"
43,10.5,"21980",32,15,"1"
43,10.5,"21980",32,18,"1"
53,10,"21980",32,25,"1"
40,10,"21980",32,35,"1"
35,12,"21980",32,18,"1"
46,11.5,"21980",32,15,"1"
51,12.5,"21980",32,20,"1"
43,12,"21980",32,18,"1"
28,11.5,"22280",26,40,"0"
40,8.5,"22280",26,20,"0"
40,11.5,"22280",26,20,"0"
24,10.5,"22280",26,17,"0"
22,7,"22280",26,27,"0"
33,12,"22280",26,23,"0"
37,11.5,"22280",26,20,"0"
33,8,"22280",26,45,"0"
53,12.5,"22280",26,40,"0"
37,12,"22280",26,30,"0"
49,12.5,"22280",26,25,"0"
52,12.5,"22280",26,45,"0"
51,12.5,"22280",26,40,"0"
39,13,"22280",26,30,"0"
46,12,"22280",26,50,"0"
42,11,"22280",26,25,"0"
44,11,"22280",26,50,"0"
37,11,"22280",26,20,"0"
49,12.5,"22280",26,30,"0"
37,9.5,"22280",26,40,"0"
51,13,"22280",26,35,"0"
34,11,"22280",26,30,"0"
32,11,"22280",26,40,"0"
40,12.5,"22280",26,40,"0"
40,11.5,"22480",13,30,"0"
41,12.5,"22480",13,30,"0"
36,10.5,"22480",13,37,"0"
49,14,"22480",13,33,"0"
45,11,"22480",13,30,"0"
43,13.5,"22480",13,30,"0"
35,12.5,"22480",13,20,"0"
48,15,"22480",13,23,"0"
46,16.5,"22480",13,30,"0"
43,13,"22480",13,20,"0"
44,12.5,"22480",13,38,"0"
33,8.5,"22480",13,23,"0"
40,10,"22480",13,30,"0"
30,12,"22680",24,25,"1"
31,11.5,"22680",24,20,"1"
34,11.5,"22680",24,20,"1"
42,15,"22680",24,25,"1"
42,10,"22680",24,50,"1"
51,12,"22680",24,50,"1"
48,14.5,"22680",24,50,"1"
42,10,"22680",24,20,"1"
51,17.5,"22780",30,27,"0"
47,12.5,"22780",30,40,"0"
40,13,"22780",30,23,"0"
49,12,"22780",30,33,"0"
52,10.5,"22780",30,28,"0"
52,12,"22780",30,30,"0"
46,10,"22780",30,40,"0"
46,12.5,"22780",30,33,"0"
44,13,"22780",30,27,"0"
48,12.5,"22780",30,20,"0"
31,7,"22780",30,17,"0"
40,14,"22780",30,30,"0"
39,14,"22780",30,40,"0"
45,11.5,"22780",30,20,"0"
47,11,"22780",30,33,"0"
23,12,"22780",30,30,"0"
49,12.5,"22780",30,40,"0"
36,11,"22780",30,20,"0"
51,13.5,"22880",25,23,"0"
40,11,"22880",25,43,"0"
46,11.5,"22880",25,20,"0"
52,13,"22880",25,27,"0"
53,6.5,"22880",25,23,"0"
37,12,"22880",25,20,"0"
47,12.5,"22880",25,33,"0"
49,12,"22880",25,23,"0"
54,17,"22880",25,37,"0"
50,11.5,"22880",25,27,"0"
52,12.5,"22880",25,27,"0"
53,13.5,"22880",25,27,"0"
48,12,"22880",25,37,"0"
53,12,"22880",25,30,"0"
51,13.5,"22880",25,20,"0"
44,9.5,"22880",25,27,"0"
47,12.5,"22880",25,20,"0"
51,11.5,"22880",25,20,"0"
57,15.5,"22880",25,30,"0"
44,12,"22880",25,37,"0"
54,14.5,"22880",25,23,"0"
55,13,"23180",21,25,"0"
50,9.5,"23180",21,20,"0"
49,15,"23180",21,23,"0"
57,12,"23180",21,50,"0"
45,12,"23180",21,50,"0"
48,9.5,"23180",21,23,"0"
42,12.5,"23180",21,18,"0"
41,12,"23180",21,45,"0"
50,11.5,"23180",21,35,"0"
52,13.5,"23180",21,23,"0"
39,12.5,"23180",21,20,"0"
48,11.5,"23180",21,25,"0"
51,13.5,"23180",21,20,"0"
38,11,"23180",21,20,"0"
45,11,"23180",21,20,"0"
46,13,"23180",21,23,"0"
44,12,"23180",21,23,"0"
34,9.5,"23180",21,23,"0"
50,15,"23180",21,20,"0"
41,11.5,"23180",21,25,"0"
41,11,"23180",21,20,"0"
33,11,"23380",22,30,"1"
38,11.5,"23380",22,20,"1"
44,12.5,"23380",22,33,"1"
42,14.5,"23380",22,33,"1"
15,8.5,"23380",22,20,"1"
35,13,"23380",22,18,"1"
46,12.5,"23380",22,33,"1"
49,14,"23380",22,35,"1"
40,11,"23380",22,28,"1"
52,10.5,"23480",24,28,"0"
40,12,"23480",24,40,"0"
46,11,"23480",24,20,"0"
49,15.5,"23480",24,43,"0"
21,8.5,"23480",24,17,"0"
46,13,"23480",24,40,"0"
55,13.5,"23480",24,50,"0"
47,13.5,"23480",24,45,"0"
53,14,"23480",24,48,"0"
46,11,"23480",24,28,"0"
50,13.5,"23480",24,37,"0"
44,9.5,"23480",24,30,"0"
37,10.5,"23480",24,37,"0"
49,12.5,"23580",15,50,"1"
43,13.5,"23580",15,45,"1"
47,13,"23580",15,20,"1"
34,11,"23580",15,17,"1"
51,13,"23580",15,23,"1"
29,10.5,"23580",15,15,"1"
34,10.5,"23580",15,10,"1"
53,13.5,"23580",15,20,"1"
43,10,"23580",15,30,"1"
57,13,"23580",15,50,"1"
48,13,"23780",19,10,"1"
31,9,"23780",19,50,"1"
38,10,"23780",19,35,"1"
49,11,"23780",19,35,"1"
36,9.5,"23780",19,10,"1"
42,8.5,"23780",19,10,"1"
33,8,"23780",19,20,"1"
30,10,"23780",19,20,"1"
35,12.5,"23780",19,30,"1"
35,11.5,"23780",19,20,"1"
37,12,"23780",19,10,"1"
42,11.5,"23780",19,20,"1"
49,11.5,"23780",19,40,"1"
48,13,"23780",19,50,"1"
49,16.5,"23780",19,35,"1"
28,11,"24080",26,20,"1"
41,13,"24080",26,30,"1"
41,12,"24080",26,30,"1"
35,11,"24080",26,20,"1"
50,14.5,"24080",26,10,"1"
43,12.5,"24080",26,33,"1"
45,11,"24080",26,30,"1"
47,13.5,"24080",26,17,"1"
39,15,"24080",26,33,"1"
35,11.5,"24080",26,30,"1"
44,11.5,"24080",26,30,"1"
52,12,"24080",26,40,"1"
51,13.5,"24180",23,18,"0"
51,14,"24180",23,18,"0"
54,14,"24180",23,18,"0"
33,10,"24180",23,15,"0"
51,9.5,"24180",23,23,"0"
47,13,"24180",23,40,"0"
38,7,"24180",23,17,"0"
33,9.5,"24180",23,17,"0"
44,13.5,"24180",23,17,"0"
29,8.5,"24180",23,17,"0"
50,14.5,"24180",23,27,"0"
48,15.5,"24180",23,45,"0"
36,11,"24180",23,10,"0"
53,12.5,"24180",23,28,"0"
44,9,"24180",23,18,"0"
34,12,"24180",23,17,"0"
28,11,"24180",23,20,"0"
39,11,"24180",23,15,"0"
40,12.5,"24180",23,28,"0"
44,10,"24180",23,10,"0"
39,12.5,"24180",23,17,"0"
37,11,"24180",23,27,"0"
23,8,"24180",23,10,"0"
32,10,"24280",37,45,"1"
38,10,"24280",37,23,"1"
54,14.5,"24280",37,50,"1"
45,11,"24280",37,20,"1"
49,13,"24280",37,35,"1"
29,8.5,"24280",37,25,"1"
38,7,"24280",37,25,"1"
53,11.5,"24280",37,30,"1"
50,12.5,"24280",37,25,"1"
46,10,"24280",37,18,"1"
42,11.5,"24280",37,33,"1"
46,9,"24380",15,23,"1"
48,10,"24380",15,27,"1"
39,11,"24380",15,20,"1"
29,9,"24380",15,23,"1"
42,10,"24380",15,23,"1"
43,9.5,"24380",15,20,"1"
35,12.5,"24380",15,20,"1"
51,12,"24380",15,23,"1"
33,9,"24480",13,18,"0"
36,13,"24480",13,18,"0"
17,8,"24480",13,18,"0"
28,14,"24480",13,20,"0"
43,10.5,"24480",13,28,"0"
49,12.5,"24480",13,18,"0"
39,11,"24480",13,23,"0"
51,12.5,"24480",13,15,"0"
29,7,"24480",13,15,"0"
38,11.5,"24480",13,25,"0"
52,12.5,"24480",13,15,"0"
42,13.5,"24480",13,18,"0"
34,9.5,"24480",13,18,"0"
55,14.5,"24680",32,35,"1"
42,12.5,"24680",32,40,"1"
47,12.5,"24680",32,50,"1"
42,12.5,"24680",32,40,"1"
47,13,"24680",32,50,"1"
41,11,"24680",32,50,"1"
32,10.5,"24680",32,35,"1"
53,12.5,"24680",32,50,"1"
47,14,"24680",32,50,"1"
56,16.5,"24680",32,40,"1"
51,12.5,"24680",32,30,"1"
33,11,"24680",32,15,"1"
47,13.5,"24980",24,27,"0"
41,12.5,"24980",24,27,"0"
53,15.5,"24980",24,50,"0"
41,13,"24980",24,33,"0"
39,11.5,"24980",24,30,"0"
45,10,"24980",24,23,"0"
34,10.5,"24980",24,23,"0"
41,11.5,"24980",24,33,"0"
37,10.5,"24980",24,33,"0"
33,12,"24980",24,33,"0"
33,8.5,"24980",24,33,"0"
48,13.5,"24980",24,40,"0"
37,12,"24980",24,20,"0"
40,12.5,"24980",24,37,"0"
37,10.5,"24980",24,20,"0"
34,10.5,"24980",24,20,"0"
49,11.5,"24980",24,23,"0"
47,11.5,"24980",24,23,"0"
38,13,"24980",24,47,"0"
49,14.5,"24980",24,33,"0"
44,15,"24980",24,33,"0"
33,12,"24980",24,33,"0"
46,12,"24980",24,33,"0"
50,15.5,"24980",24,23,"0"
23,12.5,"25080",25,17,"1"
23,8,"25080",25,28,"1"
39,11.5,"25080",25,33,"1"
51,11.5,"25080",25,30,"1"
41,12.5,"25080",25,18,"1"
38,11,"25080",25,17,"1"
32,11,"25080",25,27,"1"
38,15.5,"25080",25,48,"1"
55,14,"25080",25,40,"1"
51,12.5,"25080",25,37,"1"
51,11.5,"25080",25,47,"1"
36,8,"25080",25,40,"1"
47,13,"25080",25,27,"1"
33,11,"25080",25,10,"1"
46,14.5,"25080",25,47,"1"
37,12.5,"25280",25,33,"0"
34,7.5,"25280",25,30,"0"
40,12.5,"25280",25,40,"0"
42,13,"25280",25,23,"0"
34,10,"25280",25,15,"0"
48,12,"25280",25,15,"0"
31,12.5,"25280",25,28,"0"
32,11,"25280",25,20,"0"
38,13.5,"25280",25,20,"0"
47,9,"25280",25,27,"0"
36,10.5,"25280",25,23,"0"
45,12,"25680",32,30,"1"
25,11,"25680",32,17,"1"
11,6,"25680",32,10,"1"
19,9.5,"25680",32,17,"1"
16,8,"25680",32,17,"1"
42,13.5,"25680",32,30,"1"
29,11,"25680",32,10,"1"
24,10,"25680",32,10,"1"
52,13.5,"25680",32,27,"1"
30,11,"25680",32,10,"1"
21,9.5,"25880",30,13,"1"
25,10,"25880",30,10,"1"
21,12.5,"25880",30,17,"1"
33,9,"25880",30,25,"1"
26,11,"25880",30,25,"1"
34,10.5,"25880",30,18,"1"
39,12,"25880",30,25,"1"
